average cost of 2021,average cost of 2022
average revenue of 2021,average revenue of 2022
26479.30769,20804.2
43764.30769,37296
